After	0.17	0.44
20	0.45	0.78
years	0.79	1.08
teaching	1.09	1.45
English	1.46	1.82
across	1.83	2.21
cultures,	2.22	2.79
I	2.80	2.97
learned	2.98	3.29
this:	3.30	3.71
silence	4.19	4.89
in	4.90	5.06
a	5.07	5.20
meeting	5.21	5.64
doesn't	6.14	6.51
always	6.57	7.02
mean	7.03	7.29
agreement.	7.30	7.79
In	8.20	8.35
some	8.36	8.69
Asian	8.75	9.09
contexts	9.10	9.67
where	9.68	9.79
I	9.80	9.88
taught,	9.89	10.27
people	10.73	11.08
waited	11.09	11.38
for	11.39	11.51
the	11.52	11.59
most	11.60	11.81
confident	11.82	12.37
voice,	12.38	12.76
or	13.06	13.18
one	13.19	13.56
person	13.57	14.05
to	14.06	14.16
speak	14.17	14.58
before	14.67	15.10
others	15.14	15.45
agreed.	15.46	15.90
I've	16.31	16.49
seen	16.50	16.94
a	16.95	17.00
facilitator	17.01	17.78
get	17.79	18.00
silence,	18.01	18.71
then	19.11	19.77
find	19.98	20.18
the	20.19	20.30
real	20.31	20.75
concerns	20.76	21.37
in	21.38	21.51
email	21.52	21.94
or	21.95	22.01
group	22.02	22.27
chat.	22.28	22.61
That	23.08	23.42
gap	23.43	23.83
could	23.84	24.03
indicate	24.04	24.59
that	24.88	25.03
psychological	25.04	25.92
safety	25.93	26.45
is	26.54	26.79
missing.	26.80	27.28
Want	28.00	28.38
to	28.39	28.50
understand	28.57	29.38
how	29.53	29.79
culture	29.91	30.58
shapes	30.87	31.36
communication?	31.37	32.30
Check	32.81	33.03
the	33.09	33.18
link	33.19	33.42
below	33.43	33.89
or	33.90	34.09
in	34.10	34.31
my	34.32	34.49
bio	34.50	34.85
to	34.86	34.98
take	34.99	35.21
the	35.26	35.32
CQ	35.33	35.78
Compass	35.79	36.28
today.	36.29	36.67
