Say	0.193	0.383
your	0.393	0.627
business	0.637	1.050
partner	1.060	1.427
and	1.437	1.627
you	1.637	1.827
started	1.837	2.205
together,	2.215	2.627
And	3.140	3.384
since	3.394	3.750
your	3.760	4.060
launch,	4.070	4.482
she	4.492	4.736
barely	4.746	5.158
replies.	5.168	5.637
Did	6.149	6.325
you	6.335	6.511
do	6.521	6.656
something	6.666	7.089
wrong?	7.099	7.358
Maybe	7.779	8.244
not.	8.254	8.573
And	9.066	9.268
a	9.278	9.386
good	9.396	9.645
place	9.655	9.951
to	9.961	10.116
look	10.126	10.375
is	10.385	10.540
the	10.550	10.752
contract	10.762	11.199
each	11.209	11.458
of	11.468	11.623
you	11.633	11.835
carries	11.845	12.235
in	12.245	12.400
your	12.410	12.659
head,	12.669	12.918
which	13.260	13.535
is	13.545	13.689
a	13.699	13.798
different	13.808	14.259
one	14.269	14.456
from	14.466	14.697
anything	14.707	15.114
you	15.124	15.311
signed.	15.321	15.640
Early	16.062	16.497
on,	16.507	16.736
you	17.240	17.543
both	17.553	17.925
believed	17.935	18.585
the	18.595	18.898
same	18.908	19.280
things.	19.290	19.801
That	20.307	20.546
you'd	20.556	20.796
cheer	20.806	21.091
for	21.101	21.295
each	21.305	21.544
other,	21.554	21.839
share	22.341	22.767
news	22.777	23.135
first,	23.145	23.571
and	24.075	24.307
stay	24.317	24.602
close	24.612	24.951
to	24.961	25.138
the	25.148	25.380
same	25.390	25.675
level.	25.685	26.024
Researchers	26.528	27.221
call	27.231	27.530
this	27.540	27.839
a	27.849	27.980
psychological	27.990	28.795
contract,	28.805	29.329
and	29.825	30.211
each	30.341	30.632
person	30.642	31.042
keeps	31.052	31.397
a	31.407	31.534
private	31.544	31.998
copy	32.008	32.299
that	32.309	32.600
the	32.610	32.846
other	32.856	33.201
person	33.211	33.611
can't	33.621	33.912
see.	33.922	34.158
Your	34.571	34.920
launch	34.930	35.409
changed	35.419	35.963
your	35.973	36.322
terms,	36.332	36.746
while	37.214	37.589
her	37.599	37.856
copy	37.866	38.181
stayed	38.191	38.626
the	38.636	38.892
same.	38.902	39.218
She	39.670	39.879
may	39.889	40.098
be	40.108	40.268
keeping	40.278	40.681
the	40.691	40.900
old	40.910	41.119
agreement	41.249	42.084
while	42.442	42.786
you	42.796	43.031
live	43.041	43.330
in	43.340	43.521
a	43.531	43.657
new	43.667	43.902
one,	43.912	44.147
and	44.598	44.825
that	44.835	45.114
mismatch	45.124	45.614
can	45.624	45.851
feel	45.861	46.141
like	46.151	46.430
distance.	46.584	47.176
Renegotiating	47.574	48.316
works	48.326	48.653
better	48.663	49.042
than	49.052	49.327
guessing.	49.487	50.208
Name	50.698	51.064
one	51.074	51.372
old	51.382	51.679
term,	51.689	52.055
say	52.533	52.727
what	52.737	52.976
you	52.986	53.180
miss	53.190	53.429
about	53.439	53.723
it,	54.207	54.389
and	54.399	54.636
ask	54.646	54.883
what	55.124	55.463
would	55.473	55.875
work	55.885	56.224
now.	56.791	57.136
Which	57.299	57.612
old	57.622	57.836
term	57.846	58.109
would	58.119	58.433
you	58.443	58.656
name	58.666	58.930
first?	58.940	59.253
Follow	62.106	62.454
and	62.464	62.669
subscribe	62.679	63.171
for	63.181	63.386
more	63.396	63.648
ways	63.658	63.911
to	63.921	64.078
renegotiate	64.088	64.675
the	64.685	64.890
agreements	64.900	65.439
you	65.449	65.654
never	65.664	65.965
wrote	65.975	66.275
down.	66.285	66.538
