What	0.180	0.320
do	0.320	0.450
you	0.550	0.720
do	0.720	0.880
when	0.880	1.200
the	1.200	1.440
friends	1.440	1.650
who	2.160	2.220
cheered	2.220	2.680
you	2.680	2.840
on	2.840	3.240
stop	3.390	3.700
showing	3.700	4.200
up	4.200	4.350
after	4.410	4.610
you	4.720	4.880
succeed?	4.880	5.480
William	6.020	6.390
Bridges	6.390	6.980
drew	6.980	7.310
a	7.310	7.390
line	7.390	7.720
between	7.720	8.310
change	8.310	8.720
and	8.800	9.060
transition.	9.060	9.620
The	10.510	10.550
change	10.510	11.010
is	11.010	11.130
the	11.180	11.460
launch,	11.460	11.780
the	12.480	12.520
promotion,	12.500	13.340
the	13.830	13.870
sold-out	13.850	14.510
event.	14.510	14.860
The	15.490	15.530
transition	15.490	16.460
is	16.460	16.580
the	16.650	16.950
inner	17.090	17.400
process	17.460	18.040
that	18.100	18.220
follows,	18.490	18.960
and	19.460	19.550
it	19.550	19.710
begins	19.720	20.120
with	20.120	20.400
an	20.400	20.520
ending.	20.570	21.000
So	21.000	21.120
losing	21.320	21.640
that	21.640	21.970
friend	22.170	22.440
belongs	22.440	22.560
to	23.000	23.250
the	23.250	23.400
transition	23.400	24.200
and	24.200	24.320
runs	24.440	24.760
on	24.760	24.920
its	24.920	25.160
own	25.220	25.400
timeline.	25.400	26.030
Name	26.580	26.680
what	26.680	27.050
ended,	27.130	27.520
and	28.070	28.110
then	28.070	28.370
choose	28.370	28.930
your	28.930	29.310
response.	29.310	29.650
Because	30.390	30.560
feeling	30.560	30.710
the	31.020	31.270
hurt	31.270	31.450
and	31.530	31.660
deciding	31.660	32.180
what	32.180	32.440
to	32.440	32.570
do	32.570	32.700
with	32.700	32.970
it	33.030	33.090
are	33.090	33.280
two	33.280	33.460
separate	33.520	33.980
tasks.	34.030	34.320
Then	34.850	34.980
ask	34.980	35.260
three	35.260	35.600
questions.	35.730	36.570
Is	37.180	37.220
it	37.180	37.400
a	37.400	37.520
pause	37.650	38.140
or	38.630	38.670
an	38.630	38.670
exit?	38.660	38.880
Is	39.870	39.910
their	39.870	40.160
support	40.160	40.380
just	40.710	41.030
shaped	41.030	41.300
differently?	41.500	42.180
And	42.680	42.720
does	42.680	42.840
their	42.840	43.160
behavior	43.160	43.670
harm	43.670	44.010
the	44.010	44.110
community	44.110	44.680
you're	44.680	45.060
responsible	45.060	45.740
for	45.820	46.000
or	46.000	46.220
only	46.370	46.530
hurt	46.590	46.900
your	46.900	47.260
feelings?	47.260	47.890
The	48.590	48.630
full	48.590	48.760
article	48.760	49.230
is	49.230	49.320
on	49.320	49.450
my	49.450	49.580
Substack,	49.580	50.090
Presence	50.210	50.330
&	50.940	51.030
Perspective.	51.030	51.610
