I	0.180	0.220
have	0.180	0.510
good	0.510	0.920
news	0.920	1.380
and	1.500	1.640
bad	1.640	1.950
news	1.950	2.430
about	2.500	2.640
the	2.640	2.760
friend	3.010	3.350
who	3.720	3.760
helped	3.720	4.090
you	4.090	4.160
build	4.160	4.400
the	4.400	4.560
first	4.560	4.680
version	4.800	5.200
of	5.200	5.360
your	5.360	5.520
offer	5.520	5.790
for	6.020	6.140
free.	6.320	6.440
Which	7.040	7.390
one	7.390	7.600
do	7.600	7.740
you	7.740	7.950
want	8.100	8.230
first?	8.230	8.560
The	8.960	9.110
bad	9.110	9.420
news	9.420	9.830
is	9.830	10.020
that	10.020	10.140
since	10.530	10.970
you	10.970	11.280
started	11.280	11.730
charging	11.730	12.160
for	12.160	12.400
it,	12.400	12.640
she	13.080	13.190
may	13.190	13.360
be	13.360	13.490
keeping	13.490	13.900
a	13.950	14.010
ledger	14.010	14.410
you	14.410	14.610
cannot	14.610	15.010
see.	15.010	15.170
The	15.440	15.580
good	16.130	16.650
news	16.650	17.080
is	17.550	17.590
that	17.550	17.770
you	17.770	17.980
can	17.980	18.200
find	18.280	18.480
out	18.480	18.640
with	18.640	18.880
two	18.970	19.200
sentences.	19.200	19.830
One	20.520	20.560
possible	20.520	21.170
explanation	21.180	22.080
comes	22.080	22.500
from	22.500	22.830
equity	22.920	23.340
theory.	23.340	23.460
People	24.340	24.480
weigh	24.720	25.200
what	25.200	25.320
they	25.440	25.680
put	25.680	25.800
in	26.150	26.380
against	26.580	27.000
what	27.020	27.250
they	27.270	27.540
get	27.540	27.750
out,	27.750	27.880
and	28.490	28.530
they	28.500	28.590
compare	28.590	29.090
that	29.090	29.360
ratio	29.360	29.730
with	29.730	30.010
the	30.010	30.220
people	30.220	30.340
around	30.650	31.080
them.	31.080	31.360
Back	31.680	31.800
then,	32.420	32.610
you	32.740	32.880
were	32.880	33.050
both	33.550	33.620
putting	33.620	33.990
in	34.270	34.450
a	34.450	34.540
lot	34.540	34.820
for	34.820	34.940
very	35.100	35.470
little,	35.470	35.790
so	36.350	36.390
the	36.360	36.580
exchange	36.580	37.170
may	37.170	37.390
have	37.390	37.600
felt	37.750	37.940
even.	38.140	38.400
Now	38.400	38.650
your	39.180	39.220
outcomes	39.180	39.750
have	39.750	40.010
risen,	40.140	40.560
and	40.740	41.010
if	41.010	41.130
she	41.550	41.590
counts	41.550	42.060
her	42.060	42.300
early	42.300	42.720
work	42.720	43.090
as	43.230	43.390
an	43.390	43.520
input	43.580	43.780
that	44.330	44.580
went	44.580	45.000
unnamed,	45.000	45.360
the	45.900	45.970
scale	45.970	46.320
may	46.320	46.530
feel	46.530	46.680
tilted	46.810	47.010
to	47.230	47.360
her	47.420	47.540
even	47.590	47.860
if	47.860	48.000
you	48.000	48.120
would	48.480	48.560
not	48.560	48.770
describe	48.770	48.890
it	49.320	49.470
that	49.470	49.750
way.	49.750	49.910
That	50.950	51.230
leaves	51.230	51.730
room	51.730	52.070
for	52.070	52.330
an	52.330	52.530
unspoken	52.590	53.180
ledger	53.180	53.340
without	53.820	54.280
deciding	54.290	54.770
who	55.140	55.240
is	55.240	55.400
right.	55.400	55.720
So	56.340	56.400
thank	56.400	56.530
her	56.800	57.040
for	57.040	57.160
the	57.200	57.280
specific	57.280	57.930
things	58.090	58.560
she	58.560	58.820
built	59.260	59.300
and	59.290	59.410
ask	59.560	59.800
whether	59.870	60.250
anything	60.470	61.180
about	61.180	61.680
how	61.730	61.930
it	61.930	62.110
turned	62.110	62.320
out	62.850	62.930
feels	62.930	63.210
unfinished	63.390	63.550
to	64.500	64.620
her.	64.620	64.930
What	65.370	65.560
early	65.690	65.910
contribution	65.910	66.750
of	66.750	66.890
someone	66.890	67.380
else's	67.380	67.800
have	67.800	67.920
you	68.190	68.290
left	68.290	68.570
unnamed?	68.570	69.060
Send	69.280	69.400
me	70.080	70.400
the	70.400	70.960
word	71.380	71.850
"CQ"	71.850	72.100
by	72.600	72.640
comment	72.640	73.220
or	73.220	73.340
direct	73.430	73.860
message,	73.950	74.410
and	74.770	74.880
I	74.880	74.960
will	74.960	75.290
send	75.290	75.620
you	75.620	75.860
the	75.860	76.130
CQ	76.130	76.260
Compass.	76.260	76.880
