Your	0.200	0.380
community	0.380	1.230
has	1.230	1.520
gone	1.520	1.640
quiet	1.900	2.060
and	2.600	2.640
your	2.640	2.880
first	2.880	3.000
thought	3.180	3.340
is	3.600	3.840
that	3.840	3.960
the	3.960	4.100
members	4.100	4.580
lost	4.580	5.070
interest.	5.190	5.750
Hold	6.290	6.360
that	6.360	6.560
thought	6.560	6.710
for	7.070	7.260
a	7.260	7.330
minute.	7.330	7.450
A	8.000	8.100
quiet	8.100	8.490
community	8.490	8.610
is	9.230	9.390
telling	9.390	9.970
you	9.970	10.220
something	10.220	10.580
and	11.100	11.220
there	11.220	11.490
are	11.660	11.810
four	11.810	12.100
places	12.100	12.540
to	12.540	12.680
look	12.680	12.810
before	13.000	13.120
you	13.490	13.740
blame	13.740	14.140
the	14.140	14.400
members.	14.400	14.520
The	15.000	15.420
work,	15.420	15.540
what	16.160	16.430
are	16.430	16.640
members	16.640	16.780
actually	17.180	17.730
being	17.730	18.080
asked	18.080	18.450
to	18.450	18.570
do?	19.050	19.090
The	19.050	19.340
people,	19.350	19.750
does	20.250	20.700
the	20.700	20.850
community	20.850	21.280
fit	21.750	21.870
the	22.270	22.310
members	22.310	23.040
who	23.040	23.350
joined	23.350	23.580
or	24.070	24.160
the	24.160	24.400
ones	24.400	24.520
you	24.850	24.960
pictured	24.960	25.490
when	25.610	25.920
you	25.920	26.040
built	26.180	26.560
it?	26.560	26.720
The	27.000	27.120
structure,	27.550	27.740
when	28.020	28.180
someone	28.180	28.300
posts	28.720	28.980
for	28.980	29.170
the	29.170	29.400
first	29.400	29.630
time,	29.700	29.850
who	30.000	30.260
answers	30.260	30.650
and	30.900	31.120
how	31.120	31.370
fast?	31.370	31.720
The	32.000	32.120
culture,	32.880	33.660
what	34.250	34.360
happens	34.360	34.860
to	35.000	35.200
the	35.200	35.400
first	35.860	35.990
person	35.990	36.110
who	36.620	36.880
speaks	36.880	37.210
up?	37.650	37.770
A	38.370	38.410
problem	38.370	38.630
in	38.630	38.800
any	38.800	39.030
one	39.030	39.150
of	39.270	39.430
those	39.430	39.810
looks	39.810	40.090
exactly	40.220	40.520
like	40.760	41.060
disinterest.	41.150	41.570
This	42.000	42.270
comes	42.270	42.390
from	42.840	42.880
an	42.880	43.180
organization	43.180	43.430
development	43.850	44.610
model	44.610	45.000
by	45.000	45.220
Nadler	45.220	45.540
and	45.880	46.210
Tushman	46.210	46.330
and	47.000	47.180
I	47.700	47.740
use	47.700	47.740
it	47.700	47.740
to	47.720	47.880
diagnose	47.880	48.520
virtual	48.520	49.080
communities.	49.080	49.580
I	50.000	50.080
wrote	50.080	50.280
about	50.790	50.880
this	50.880	51.200
on	51.200	51.360
my	51.360	51.520
Substack,	51.520	52.220
Presence	52.220	52.550
&	52.850	53.090
Perspective.	53.090	53.650
Check	54.440	54.480
the	54.440	54.590
link	54.710	54.910
in	54.910	55.060
my	55.060	55.210
bio	55.210	55.440
for	55.440	55.740
more.	55.770	56.000
