Say	0.210	0.310
the	0.310	0.520
work	0.520	0.790
needs	0.870	1.340
ten	1.340	1.750
people	1.840	2.040
and	2.540	2.640
the	2.640	2.880
plan	2.920	3.200
funds	3.200	3.320
seven.	3.630	3.750
That	4.810	5.070
gap	5.220	5.320
doesn't	5.320	5.460
need	5.930	6.260
anyone	6.260	6.380
to	6.800	6.920
lie	6.930	7.490
in	7.890	7.930
order	7.900	8.240
to	8.240	8.380
cause	8.380	8.720
trouble.	8.720	9.140
Robert	9.620	10.010
Kahn	10.010	10.170
and	10.170	10.390
his	10.390	10.570
colleagues	10.620	11.140
described	11.510	11.700
this	11.920	12.160
in	12.160	12.280
1964	12.360	13.170
as	13.520	13.760
role	13.760	14.160
overload.	14.220	14.730
More	15.270	15.420
demands	15.420	15.930
than	15.930	16.140
a	16.400	16.440
person	16.400	16.540
has	16.760	16.980
the	16.980	17.180
time	17.240	17.500
and	17.500	17.720
resources	17.720	18.380
to	18.390	18.510
meet.	18.560	18.840
Here's	19.270	19.590
how	19.590	19.820
it	19.820	19.950
looks	19.950	20.330
from	20.330	20.630
the	20.630	20.840
inside.	20.840	20.960
The	21.550	21.590
three	21.560	21.890
missing	21.890	22.450
people	22.470	22.760
don't	22.760	23.090
disappear.	23.090	23.690
Their	24.110	24.300
work	24.300	24.590
gets	24.710	24.920
spread	25.010	25.200
across	25.380	25.510
the	25.840	26.070
seven	26.070	26.190
and	26.700	26.740
the	26.700	26.850
seven	26.850	27.200
keeps	27.200	27.460
saying	27.490	27.680
we've	27.680	27.920
got	27.920	28.240
it	28.240	28.410
because	28.860	29.020
they	29.020	29.230
don't	29.230	29.490
want	29.490	29.700
to	29.700	29.800
look	29.800	30.000
like	30.000	30.280
they	30.280	30.430
can't	30.430	30.690
handle	30.690	31.010
the	31.010	31.170
job.	31.170	31.300
The	31.810	31.850
report	31.830	32.090
stays	32.300	32.690
green	32.690	33.080
because	33.080	33.650
the	33.710	33.900
people	33.920	34.330
carrying	34.330	34.880
it	34.970	35.100
are	35.100	35.330
working	35.330	35.880
nights.	35.880	36.000
So	36.550	36.640
before	36.640	37.080
you	37.080	37.330
read	37.330	37.670
the	37.670	37.920
next	37.920	38.260
report,	38.260	38.380
check	39.050	39.320
the	39.690	39.810
plan.	39.910	40.210
How	40.740	40.800
many	40.800	41.120
people	41.120	41.590
does	41.590	41.910
the	41.910	42.060
work	42.180	42.460
need	42.460	42.580
and	42.980	43.040
how	43.040	43.280
many	43.280	43.610
does	43.610	43.940
the	43.940	44.060
plan	44.180	44.430
pay	44.580	44.750
for?	44.750	44.870
If	45.460	45.500
those	45.460	45.730
numbers	45.730	46.180
are	46.180	46.370
different,	46.370	46.490
the	47.270	47.320
green	47.320	47.660
is	47.660	47.790
borrowed.	47.790	48.300
Who's	48.800	48.840
lending	48.830	49.220
it?	49.220	49.340
Follow	49.520	49.640
for	51.150	51.270
more	51.460	51.580
questions	52.020	52.060
that	52.020	52.240
show	52.240	52.360
what	52.740	53.080
a	53.080	53.180
green	53.180	53.700
report	53.700	54.080
is	54.350	54.540
hiding.	54.540	54.710
