You've	0.150	0.370
spent	0.370	0.660
years	0.660	0.960
learning	0.960	1.440
how	1.440	1.620
to	1.620	1.740
help	1.740	2.000
people,	2.000	2.120
and	3.030	3.120
you've	3.120	3.360
written	3.360	3.490
some	3.540	3.760
of	3.760	3.880
it	3.880	4.000
down.	4.000	4.400
Could	4.910	5.120
an	5.120	5.240
app	5.320	5.540
built	5.910	5.950
from	5.920	6.260
that	6.280	6.560
writing	6.560	7.130
do	7.130	7.290
your	7.290	7.610
job?	7.610	7.850
In	8.380	8.420
1966,	8.380	9.100
the	9.230	9.430
philosopher	9.430	9.670
Michael	10.230	10.640
Polanyi	10.640	11.100
put	11.100	11.390
it	11.400	11.440
this	11.430	11.570
way,	11.760	11.900
"We	12.000	12.120
know	12.640	12.680
more	12.670	13.060
than	13.060	13.450
we	13.450	13.640
can	13.640	13.930
tell.	13.930	14.310
You	14.760	14.860
can	14.860	15.080
recognize	15.080	15.760
a	15.760	15.840
face	15.840	15.960
in	16.420	16.460
a	16.420	16.560
crowd	16.560	16.960
without	16.960	17.450
listing	17.450	17.920
its	17.920	18.140
features."	18.180	18.300
A	19.390	19.430
coach	19.400	19.760
can	19.760	19.980
sense	20.240	20.520
that	20.520	20.890
a	20.890	21.010
conversation	21.030	21.970
just	22.270	22.570
changed	22.570	23.140
direction	23.140	23.860
and	24.170	24.290
not	24.290	24.530
be	24.640	24.770
able	24.770	25.150
to	25.150	25.340
say	25.340	25.630
how.	25.630	25.920
That's	26.430	26.640
tacit	26.640	27.020
knowledge,	27.030	27.500
the	27.950	27.990
part	27.950	28.170
of	28.170	28.210
your	28.200	28.450
expertise	28.450	29.040
that	29.040	29.240
lives	29.320	29.680
in	29.680	29.840
what	29.840	30.080
you	30.080	30.340
notice	30.340	30.880
and	30.980	31.040
what	31.040	31.260
you	31.260	31.440
do	31.440	31.600
next.	31.600	31.920
A	32.700	32.740
book,	32.700	33.020
a	33.160	33.280
course,	33.620	33.830
or	34.020	34.190
a	34.190	34.310
transcript	34.580	35.210
holds	35.290	35.440
what	35.970	36.040
you	36.040	36.310
could	36.310	36.550
explain.	36.840	37.400
An	37.940	37.980
app	37.950	38.080
built	38.240	38.390
only	38.720	38.850
on	39.100	39.280
those	39.280	39.770
will	39.770	40.230
sound	40.230	40.630
like	40.630	41.010
you	41.010	41.170
and	41.490	41.600
still	41.600	42.000
miss	42.000	42.320
the	42.320	42.440
move	42.620	43.020
you	43.020	43.330
make	43.330	43.450
without	43.900	44.240
thinking.	44.340	44.750
So	45.090	45.170
before	45.170	45.560
you	45.570	45.800
build	45.800	46.180
anything,	46.180	46.370
ask	46.950	47.240
yourself,	47.720	48.470
what	49.170	49.210
do	49.170	49.330
you	49.330	49.450
notice	49.650	50.320
first	50.320	50.440
when	50.720	50.950
someone	51.600	52.000
sits	52.000	52.380
down?	52.380	52.840
And	53.330	53.610
have	53.610	53.970
you	54.080	54.490
ever	54.490	54.830
written	55.040	55.310
it	57.000	57.120
down?	57.270	57.390
Follow	57.450	57.790
for	57.870	58.090
more	58.090	58.450
tips	58.520	58.690
on	58.980	59.020
teaching	58.990	59.650
an	59.740	59.900
app	59.900	60.020
what	60.170	60.530
you	60.530	60.800
know	60.800	60.950
by	61.160	61.330
feel.	61.330	61.450
