Here	0.220	0.330
are	0.330	0.580
three	0.580	0.700
questions	1.020	1.700
to	1.800	1.920
ask	1.920	2.220
before	2.280	2.530
you	2.530	2.690
launch	2.690	3.030
an	3.030	3.360
AI	3.360	3.670
app.	3.690	3.870
One,	4.280	4.460
who	4.660	4.780
reads	5.230	5.470
what	5.470	5.880
it	5.880	6.080
says	6.080	6.530
after	6.690	6.890
launch?	7.000	7.330
Someone	8.060	8.620
has	8.620	8.850
to	8.900	9.090
own	9.090	9.340
that	9.870	9.910
by	9.870	9.940
name.	9.940	10.300
Two,	10.770	10.890
how	11.520	11.560
often	11.540	11.720
do	11.720	11.930
they	11.930	12.210
read	12.210	12.530
it?	12.530	12.650
A	13.130	13.170
weekly	13.130	13.820
review	13.820	14.230
catches	14.690	15.350
drift	15.350	15.470
and	16.110	16.200
a	16.200	16.280
yearly	16.280	16.740
one	16.740	16.990
catches	16.990	17.110
a	17.540	17.620
headline.	17.620	18.210
Three,	18.660	18.910
what	19.490	19.530
happens	19.490	19.940
when	19.940	20.270
it's	20.270	20.590
wrong?	20.630	20.950
There	21.360	21.710
should	21.710	22.270
be	22.270	22.460
a	22.460	22.550
way	22.550	22.840
to	22.880	23.020
correct	23.020	23.260
the	23.680	23.910
answer	23.910	24.240
and	24.670	24.810
a	24.810	24.890
way	24.890	25.130
to	25.130	25.250
change	25.470	25.820
the	25.820	26.070
instructions	26.070	27.090
behind	27.100	27.600
it.	27.600	27.770
Quality	28.260	28.700
teams	28.700	29.140
use	29.140	29.410
a	29.410	29.500
loop	29.500	29.820
called	29.960	30.370
plan,	30.660	31.140
do,	31.830	32.020
study,	32.510	33.110
act.	33.560	33.770
You	34.460	34.560
try	34.560	34.800
something,	34.800	35.380
you	35.870	35.930
look	35.930	36.240
at	36.240	36.350
what	36.350	36.630
happened,	36.630	37.000
you	37.390	37.520
adjust,	37.520	38.000
and	38.590	38.630
you	38.590	38.650
go	38.650	38.810
around	38.810	39.300
again.	39.300	39.680
After	40.130	40.490
launch,	40.490	40.910
the	41.390	41.550
review	41.550	42.100
is	42.200	42.280
the	42.280	42.730
study	42.730	43.210
step.	43.210	43.370
An	43.830	43.870
app	43.830	44.060
without	44.060	44.220
a	44.600	44.670
reviewer	44.670	45.240
is	45.450	45.510
a	45.510	45.600
plan	45.600	45.990
with	45.990	46.240
no	46.380	46.570
study	46.570	47.050
step.	47.050	47.390
It	47.900	47.940
keeps	47.900	48.270
giving	48.270	48.710
the	48.710	48.950
same	48.950	49.230
answers	49.300	49.760
whether	49.760	50.080
or	50.080	50.200
not	50.200	50.400
they	50.400	50.520
still	50.690	50.980
fit.	51.080	51.210
So	51.600	51.710
write	51.710	52.020
the	52.020	52.140
reviewer's	52.240	52.960
name	52.960	53.280
on	53.280	53.440
the	53.440	53.600
project	53.600	54.080
plan	54.240	54.400
before	54.400	54.610
launch	54.880	55.360
day.	55.360	55.560
Who	56.050	56.300
would	56.300	57.060
that	57.060	57.610
be	58.670	58.790
for	58.970	59.090
yours?	59.430	59.550
Follow	59.890	60.130
for	60.130	60.350
more	60.350	60.650
ideas	60.650	61.040
to	61.040	61.340
keep	61.340	61.610
an	61.680	61.880
AI	61.880	62.090
app	62.090	62.210
honest	62.400	62.520
after	63.060	63.390
launch	63.390	63.810
day.	63.810	63.980
