Which	0.190	0.440
would	0.440	0.880
you	0.880	1.140
choose?	1.140	1.400
An	1.960	2.080
assistant	2.130	2.770
that	2.770	2.890
answers	3.100	3.640
in	3.710	3.840
half	3.840	4.160
a	4.230	4.310
second	4.310	4.520
or	5.250	5.290
one	5.260	5.430
that	5.430	5.720
waits	5.720	6.050
until	6.050	6.260
you've	6.440	6.860
finished	6.860	6.980
thinking?	7.640	8.010
In	8.470	8.510
the	8.500	8.800
1970s,	8.800	9.760
researcher	10.270	10.910
Mary	10.910	11.170
Budd	11.170	11.460
Rowe	11.460	11.760
timed	11.760	12.140
classroom	12.140	12.830
conversations.	12.830	13.790
Teachers	14.220	14.640
waited	14.640	15.050
about	15.050	15.430
one	15.430	15.640
second	15.640	16.010
after	16.100	16.550
asking	16.610	17.200
a	17.250	17.290
question.	17.250	17.710
When	18.200	18.320
they	18.320	18.620
waited	18.620	18.820
three	19.070	19.410
seconds	19.470	19.960
or	19.960	20.110
more,	20.110	20.230
the	20.640	20.710
answers	20.710	20.830
got	21.340	21.610
longer,	21.610	22.150
more	22.510	22.720
students	22.720	23.450
spoke	23.450	23.800
up,	24.310	24.350
and	24.310	24.360
more	24.360	24.660
of	24.660	24.810
the	24.810	25.030
answers	25.030	25.580
came	25.580	25.850
with	25.850	26.150
reasons.	26.150	26.550
Now	27.110	27.270
picture	27.270	27.390
an	28.080	28.260
AI	28.260	28.470
app	28.560	28.760
that	29.270	29.310
answers	29.270	29.390
in	30.110	30.240
under	30.240	30.360
a	30.830	30.900
second.	30.900	31.230
It's	32.100	32.290
quick,	32.360	32.590
and	33.200	33.240
it	33.220	33.340
can't	33.340	33.640
wait	33.640	33.900
for	33.900	34.020
someone	34.100	34.500
who's	34.500	34.890
still	34.960	35.260
deciding	35.260	35.870
how	35.870	36.100
to	36.100	36.300
say	36.310	36.480
the	36.480	36.640
hard	36.710	36.950
thing.	37.070	37.380
A	37.860	37.900
good	37.860	38.160
coach	38.160	38.280
lets	38.650	38.770
the	39.090	39.370
quiet	39.440	39.840
run.	39.840	40.140
The	40.670	40.740
pause	40.740	41.210
is	41.210	41.370
part	41.460	41.600
of	41.780	41.970
the	41.970	42.250
method,	42.250	42.370
even	43.060	43.160
if	43.160	43.300
it	43.300	43.440
isn't	43.480	43.790
in	43.790	43.910
the	43.940	44.140
book.	44.140	44.400
So,	44.880	45.000
if	45.060	45.250
your	45.250	45.370
method	45.700	46.200
includes	46.200	46.950
silence,	46.960	47.500
write	48.060	48.340
down	48.340	48.640
how	48.640	48.910
long	48.910	49.270
you	49.270	49.540
wait	49.540	49.660
and	49.940	50.170
why.	50.170	50.440
That's	50.930	51.210
something	51.210	51.620
your	51.740	51.870
app	51.870	52.050
needs	52.050	52.360
to	52.360	52.480
learn.	52.480	52.790
How	53.240	53.330
long	53.330	53.620
do	53.620	53.790
you	53.790	54.050
wait?	54.050	54.390
Follow	55.680	55.800
and	56.830	56.950
subscribe	56.970	58.140
for	58.140	58.260
more	58.390	58.720
ways	58.720	59.060
to	59.060	59.300
let	59.300	59.520
the	59.520	59.640
quiet	59.750	60.020
do	60.020	60.180
its	60.530	60.570
work.	60.530	60.850
