Your	0.190	0.330
status	0.330	0.810
report	0.810	0.980
says	1.370	1.660
"green,"	1.660	2.110
but	2.640	2.680
your	2.680	3.010
team	3.040	3.320
looks	3.320	3.720
tired.	3.720	4.100
Both	4.550	4.860
can	4.860	5.210
be	5.210	5.440
true,	5.440	5.650
and	6.120	6.330
when	6.330	6.650
they	6.680	7.020
are,	7.410	7.520
something	7.520	7.840
is	7.840	8.080
changing	8.080	8.600
the	8.600	8.820
color	9.020	9.200
between	9.200	9.600
the	9.600	9.760
people	9.760	10.030
doing	10.100	10.400
the	10.400	10.620
work	10.620	10.910
and	11.430	11.470
the	11.430	11.470
people	11.430	11.660
reading	11.800	11.920
the	12.300	12.520
report.	12.520	12.690
Chris	13.390	13.640
Argyris	13.640	14.110
called	14.110	14.570
these	14.570	14.940
habits	14.940	15.430
"defensive	15.430	15.550
routines."	16.450	17.310
They're	17.840	18.170
the	18.170	18.290
things	18.380	18.820
an	18.860	18.940
organization	18.940	19.780
does	19.780	20.060
to	20.060	20.200
avoid	20.200	20.560
embarrassment,	20.560	21.480
and	21.950	21.990
they	21.980	22.230
also	22.290	22.560
keep	22.560	22.910
the	22.910	23.070
organization	23.070	23.820
from	24.160	24.230
learning	24.230	24.810
about	24.810	25.170
the	25.170	25.290
problem.	25.480	25.900
A	26.320	26.360
red	26.320	26.500
gets	26.500	26.830
softened	26.830	26.950
to	27.530	27.700
yellow	27.700	28.120
because	28.270	28.810
the	28.820	28.940
meeting	29.170	29.700
is	29.700	29.870
tomorrow.	29.870	30.560
The	31.090	31.130
yellow	31.090	31.460
becomes	31.460	32.000
green	32.000	32.240
because	32.240	32.710
people	32.840	33.120
don't	33.120	33.440
want	33.440	33.680
to	33.680	33.800
be	33.860	34.000
the	34.000	34.200
one	34.200	34.400
who	34.400	34.620
spoils	34.620	34.820
the	35.050	35.280
launch.	35.280	35.840
Each	36.350	36.480
step	36.480	36.800
feels	36.800	36.960
reasonable	37.210	38.000
on	38.040	38.190
its	38.190	38.430
own.	38.430	38.670
You	39.140	39.200
can	39.200	39.440
find	39.440	39.760
the	39.760	39.950
spot	40.020	40.330
with	40.380	40.640
one	40.640	40.880
exercise.	40.880	41.410
Ask	41.960	42.060
for	42.060	42.240
the	42.340	42.500
list	42.500	42.840
your	42.840	43.080
team	43.080	43.250
actually	43.370	43.950
keeps,	43.950	44.230
put	44.720	44.760
the	44.720	44.840
report	44.900	45.310
you	45.310	45.520
receive	45.520	46.000
next	46.000	46.280
to	46.280	46.420
it,	46.420	46.540
and	46.890	46.960
follow	46.960	47.410
a	47.410	47.480
single	47.480	47.930
item	47.930	48.050
from	48.230	48.420
one	48.530	48.750
to	48.750	48.940
the	48.950	49.120
other.	49.120	49.400
Where	49.810	50.190
did	50.190	50.510
it	50.510	50.620
change	50.620	51.140
color	51.140	51.270
and	51.790	51.830
who	51.800	52.000
changed	52.070	52.460
it?	52.460	52.580
Follow	52.800	52.920
and	54.970	55.170
subscribe	55.170	56.320
for	56.320	56.440
more	56.570	56.920
ideas	56.920	57.310
for	57.310	57.510
finding	57.570	57.690
where	58.140	58.550
red	58.550	58.800
turns	58.800	59.210
green.	59.210	59.670
