"Someone	0.200	0.680
close	0.680	1.110
to	1.110	1.280
me	1.280	1.450
shares	1.450	1.970
good	1.970	2.270
news,	2.280	2.420
and	2.920	3.040
something	3.040	3.440
in	3.440	3.620
my	3.620	3.800
chest	3.800	4.160
tightens	4.160	4.640
before	4.640	4.880
the	4.960	5.120
congratulations	5.120	6.200
are	6.200	6.410
ready."	6.410	6.620
A	7.140	7.180
1988	7.170	8.270
paper	8.270	8.720
by	8.780	8.900
Tesser,	8.900	9.290
Miller,	9.640	10.120
and	10.480	10.620
more	10.620	10.930
gives	10.930	11.050
me	11.510	11.610
a	11.610	11.700
way	11.700	11.970
to	11.970	12.150
interpret	12.150	12.680
that.	12.970	13.090
Their	13.700	14.180
model	14.180	14.750
says	14.760	14.880
that	15.260	15.490
when	15.490	15.780
someone	15.780	16.300
close	16.300	16.670
to	16.670	16.810
you	16.810	16.930
outperforms	17.030	17.160
you	17.830	18.060
on	18.140	18.200
something	18.200	18.580
central	18.870	19.390
to	19.390	19.510
how	19.600	19.890
you	19.890	20.190
see	20.190	20.470
yourself,	20.470	20.950
the	21.520	21.730
closer	21.730	22.310
they	22.310	22.550
are,	23.020	23.190
the	23.230	23.470
greater	23.470	23.760
the	24.150	24.340
threat	24.570	25.020
to	25.020	25.210
your	25.210	25.390
self-evaluation.	25.600	26.590
When	27.200	27.480
it's	27.590	27.810
in	27.810	27.930
an	27.970	28.110
area	28.110	28.420
that	28.420	28.730
matters	28.730	29.270
less	29.270	29.580
to	29.580	29.730
your	29.730	30.040
identity,	30.040	30.300
closeness	30.820	31.630
works	31.820	31.880
the	31.880	32.110
other	32.110	32.560
way.	32.560	32.730
That's	33.280	33.550
why	33.550	33.830
one	33.830	34.140
friend	34.160	34.700
can	34.700	34.950
cheer	34.950	35.150
wholeheartedly	35.410	36.240
while	36.730	37.160
another	37.160	37.460
flinches.	37.780	38.170
It	38.880	39.040
can	39.040	39.290
have	39.290	39.610
less	39.660	39.950
to	39.950	40.110
do	40.110	40.420
with	40.420	40.600
how	40.600	40.850
much	40.850	41.180
they	41.180	41.510
love	41.510	41.830
you	41.830	41.950
than	42.370	42.420
with	42.420	42.750
what	42.750	42.870
each	43.080	43.200
of	43.410	43.570
them	43.570	43.900
is	43.900	44.060
building.	44.060	44.570
For	45.120	45.310
a	45.310	45.370
leader,	45.370	45.750
there's	45.870	45.990
a	46.310	46.370
practical	46.370	46.950
side	46.950	47.200
to	47.200	47.320
this.	47.320	47.440
A	47.910	48.070
community	48.070	49.030
sets	49.160	49.650
an	49.710	49.950
unspoken	49.950	51.020
rule	51.020	51.530
about	51.530	52.160
how	52.540	52.580
success	52.580	53.450
is	53.520	53.750
received,	53.780	54.000
