A	0.200	0.240
fictional	0.200	0.320
client	0.870	1.390
says	1.390	1.740
to	1.740	1.860
me,	2.350	2.390
"We	2.350	2.390
were	2.380	2.680
on	2.680	2.830
the	2.830	3.050
same	3.050	3.350
team.	3.350	3.570
I	4.060	4.100
got	4.060	4.140
the	4.140	4.310
lead	4.310	4.540
role.	4.540	4.770
Now	4.960	5.100
he	5.920	6.320
answers	6.320	7.030
my	7.030	7.230
messages	7.230	7.950
with	8.430	8.470
just	8.440	8.620
one	8.850	9.140
word."	9.140	9.620
Well,	10.120	10.350
let's	10.520	10.640
look	11.160	11.300
at	11.300	11.490
what	11.490	11.820
changed	11.820	12.480
besides	12.480	12.600
your	12.960	13.190
title.	13.190	13.660
Researchers	14.120	14.690
who	14.690	14.870
study	14.870	15.180
how	15.180	15.360
teams	15.360	15.670
work	15.670	15.920
together	15.920	16.420
describe	16.420	16.940
three	17.070	17.200
things	17.200	17.320
that	17.520	17.750
hold	17.750	18.080
a	18.080	18.220
working	18.270	18.540
relationship	18.640	19.340
up.	19.700	19.820
Shared	20.080	20.550
goals,	20.550	20.900
shared	21.530	21.620
knowledge,	21.620	22.360
and	22.860	22.900
mutual	22.870	23.290
respect.	23.300	23.860
And	24.380	24.420
they	24.380	24.560
describe	24.560	25.390
how	25.390	25.600
those	25.600	26.050
travel.	26.160	26.720
Communication	27.440	28.220
that's	28.220	28.600
frequent,	28.770	28.890
timely,	29.730	30.260
accurate,	30.760	31.190
and	31.790	31.830
aimed	31.790	31.940
at	32.120	32.300
solving	32.300	32.460
problems.	33.150	33.660
A	34.140	34.180
new	34.150	34.360
role	34.360	34.730
disrupts	34.730	35.370
all	35.480	35.730
of	35.730	35.910
it	35.910	36.090
at	36.090	36.260
once.	36.260	36.380
Your	37.030	37.300
goals	37.330	37.730
shifted.	37.730	37.850
What	38.850	39.150
you	39.150	39.470
know	39.470	39.890
shifted.	40.020	40.250
And	40.980	41.040
unfortunately,	41.040	41.260
the	42.310	42.460
way	42.460	42.700
you	42.700	42.930
talk	42.930	43.210
to	43.280	43.420
each	43.420	43.740
other	43.740	43.950
turned	44.220	44.660
into	44.660	44.870
a	44.870	44.940
reporting	44.940	45.180
line	45.600	45.920
overnight.	45.920	46.580
One	46.980	47.100
word	47.100	47.390
answers	47.390	47.980
can	48.000	48.150
mean	48.150	48.440
he	48.440	48.560
is	48.790	48.840
protecting	48.840	49.120
himself	49.500	49.620
while	50.030	50.370
that	50.520	50.710
settles.	50.710	51.190
So	52.180	52.340
rebuild	52.340	52.950
the	52.950	53.240
pieces,	53.240	53.820
one	54.430	54.470
at	54.430	54.500
a	54.500	54.590
time.	54.590	55.010
Restate	55.270	55.490
the	55.960	56.390
shared	56.460	56.630
goal.	56.830	57.220
Share	57.600	57.760
what	58.290	58.640
you	58.640	58.880
know.	58.880	59.010
Ask	59.120	59.370
for	59.840	59.880
his	59.840	60.020
decision	60.020	60.840
before	60.840	61.180
making	61.480	61.600
decisions	62.080	62.910
that	63.220	63.390
might	63.390	63.660
impact	63.820	64.160
him.	64.360	64.580
Which	65.030	65.300
of	65.300	65.460
the	65.460	65.580
three	65.710	66.290
has	66.290	66.380
slipped	66.380	66.550
in	66.960	67.160
your	67.220	67.470
closest	67.470	67.740
work	68.110	68.400
relationship?	68.460	68.580
Share	69.860	70.050
with	70.050	70.280
me	70.320	70.390
in	70.390	70.500
the	70.500	70.720
comments.	70.720	71.070
