You	0.210	0.300
launched	0.300	0.900
the	0.900	1.170
new	1.200	1.500
tool,	1.500	1.620
you	2.070	2.310
ran	2.310	2.550
the	2.550	2.790
training,	2.790	3.190
and	3.690	3.960
hardly	3.960	4.330
anyone	4.540	5.130
is	5.130	5.250
using	5.37	5.80
it.	5.80	5.99
Before	6.430	6.670
you	6.670	6.880
decide	6.880	7.310
the	7.310	7.490
people	7.520	7.950
are	7.950	8.100
the	8.220	8.370
problem,	8.370	8.650
check	9.160	9.350
one	9.500	9.770
thing.	9.770	9.960
Did	10.48	10.62
anyone	10.69	10.98
help	10.98	11.27
them	11.37	11.50
let	11.50	11.71
go	11.75	11.90
of	11.90	12.02
the	12.02	12.20
old	12.20	12.45
way?	12.45	12.67
Kurt	13.070	13.250
Lewin	13.250	13.610
described	13.610	14.300
change	14.440	14.710
in	14.710	14.850
three	14.850	15.210
steps,	15.210	15.570
unfreeze,	16.45	17.18
move,	17.72	18.18
and	18.71	18.95
refreeze.	18.95	19.60
Most	20.07	20.40
projects	20.55	20.87
start	20.92	21.13
at	21.20	21.30
the	21.30	21.44
middle	21.84	22.30
step.	22.30	22.62
They	23.080	23.210
build	23.210	23.630
the	23.630	23.870
new	23.870	23.990
thing,	24.120	24.300
announce	24.860	25.450
it,	25.450	25.570
and	25.980	26.060
expect	26.060	26.470
people	26.610	26.900
to	26.920	27.060
move.	27.060	27.340
But	27.760	27.820
people	27.820	27.940
are	28.300	28.480
attached	28.480	29.070
to	29.070	29.220
the	29.220	29.340
old	29.440	29.660
way	29.660	29.840
for	29.940	30.060
good	30.110	30.400
reasons.	30.400	30.880
It's	31.350	31.500
how	31.500	31.660
they	31.660	31.940
get	31.960	32.080
through	32.170	32.610
the	32.610	32.810
day,	32.810	32.960
it's	33.37	33.48
what	33.50	33.64
they're	33.73	33.92
good	34.01	34.30
at,	34.30	34.45
and	35.05	35.20
it's	35.20	35.34
what	35.42	35.53
their	35.63	35.73
colleagues	35.81	36.35
understand.	36.44	37.21
Unfreezing	37.670	38.170
is	38.170	38.300
the	38.300	38.490
work	38.490	38.760
of	38.770	38.880
asking	38.880	39.270
what	39.270	39.510
the	39.580	39.700
old	39.780	39.910
way	39.910	40.160
gives	40.160	40.480
them	40.480	40.730
and	40.730	40.850
what	40.920	41.130
they'd	41.200	41.420
lose	41.420	41.660
without	41.660	42.110
it.	42.120	42.240
When	42.670	42.800
that	42.800	43.090
step	43.130	43.440
is	43.440	43.560
skipped,	43.600	43.790
the	44.450	44.560
new	44.560	44.800
tool	44.800	45.120
sits	45.120	45.390
there	45.390	45.730
while	45.730	46.070
the	46.070	46.190
old	46.270	46.470
habit	46.470	46.880
carries	46.880	47.290
on.	47.290	47.420
So	47.820	47.920
put	47.920	48.110
the	48.280	48.400
thaw	48.840	49.120
on	49.120	49.360
the	49.360	49.720
plan.	49.720	50.070
Ask	50.580	50.760
the	50.760	51.040
people	51.040	51.590
who	51.590	51.870
do	51.870	52.040
the	52.04	52.20
work,	52.20	52.44
what	52.87	53.20
does	53.20	53.54
the	53.62	53.76
current	53.76	54.51
way	54.53	54.80
do	54.92	55.08
for	55.08	55.30
you	55.30	55.60
that	56.02	56.30
the	56.30	56.50
new	56.50	56.90
tool	56.90	57.32
doesn't	57.57	57.82
do	57.82	57.95
yet?	57.95	58.34
Follow	61.20	61.55
for	61.60	61.78
more	61.78	62.10
ways	62.10	62.45
to	62.52	62.73
thaw	62.89	63.34
the	63.52	63.64
old	63.64	63.85
way	63.85	64.29
before	64.57	65.00
the	65.00	65.15
new	65.15	65.35
tool	65.35	65.75
arrives.	65.76	66.28
