A	0.180	0.220
new	0.180	0.340
person	0.340	0.520
joins	0.870	1.310
your	1.310	1.660
community	1.660	2.170
or	2.650	2.870
team.	2.930	3.380
Within	3.930	4.440
a	4.440	4.560
week,	5.060	5.100
they've	5.060	5.270
been	5.280	5.440
handed	5.440	5.930
a	5.930	6.150
pile	6.230	6.560
of	6.560	6.730
tasks	6.800	7.200
to	7.200	7.290
complete.	7.290	7.580
Introduce	8.310	8.920
yourself.	8.930	9.390
Finish	10.060	10.330
your	10.330	10.450
profile.	10.650	10.770
Join	11.600	11.800
these	11.800	12.230
channels.	12.270	12.770
Post	13.390	13.850
every	13.960	14.240
week.	14.240	14.370
Help	14.480	14.600
with	15.200	15.320
this	15.320	15.440
project.	15.740	16.330
They	16.920	17.240
say	17.250	17.590
yes	17.590	17.930
to	17.930	18.050
all	18.150	18.470
of	18.480	18.600
it	19.090	19.130
because	19.100	19.450
they're	19.450	19.830
new.	19.830	19.950
They	20.430	20.480
want	20.480	20.640
to	20.640	20.790
belong.	20.820	21.380
They	21.870	22.020
want	22.020	22.360
to	22.360	22.530
matter.	22.530	22.700
Then	23.310	23.670
the	23.670	23.910
pile	23.910	24.180
gets	24.240	24.580
heavy	24.580	24.700
and	25.130	25.280
they	25.280	25.620
go	25.620	25.780
silent.	25.780	26.230
I've	26.780	26.890
been	26.890	27.160
that	27.160	27.430
person.	27.430	27.550
I've	28.530	28.570
also	28.570	28.850
been	28.850	29.070
the	29.070	29.260
administrator	29.260	30.100
who	30.100	30.280
handed	30.280	30.660
an	30.660	30.880
intern	30.880	31.080
far	31.200	31.350
too	31.350	31.540
many	31.540	31.760
tasks	31.780	32.160
to	32.160	32.320
complete	32.330	32.600
in	32.800	32.920
the	32.920	33.100
given	33.100	33.500
time	33.500	33.720
frame.	33.810	34.060
We	34.580	34.620
do	34.580	34.730
it	34.730	34.880
because	34.880	35.420
the	35.420	35.650
group	35.650	36.040
has	36.040	36.270
needs	36.270	36.660
too.	36.660	36.840
A	37.350	37.390
role	37.350	37.680
hasn't	37.680	38.260
been	38.260	38.650
fulfilled.	38.650	38.830
A	40.010	40.050
space	40.010	40.230
needed	40.430	40.700
life.	41.020	41.350
So	41.700	41.900
we	42.280	42.320
load	42.310	42.470
the	42.470	42.760
new	42.760	43.050
person	43.050	43.290
up	43.640	43.850
with	44.080	44.260
tons	44.490	44.840
to	44.890	45.100
do	45.100	45.360
to	45.500	45.540
see	45.520	45.780
what	45.780	46.160
their	46.160	46.320
capacity	46.320	46.960
looks	46.960	47.310
like.	47.340	47.560
And	48.150	48.190
when	48.160	48.320
something	48.320	48.940
drops,	48.940	49.290
we	49.470	49.590
decide	49.930	50.040
they	50.040	50.330
weren't	50.330	50.830
the	50.830	51.010
right	51.070	51.400
one.	51.400	51.610
But	52.100	52.140
maybe	52.100	52.390
they	52.390	52.640
were.	52.640	52.880
They	53.690	53.780
got	53.780	53.970
a	53.970	54.030
pile	54.030	54.290
of	54.290	54.420
tasks	54.420	54.760
when	54.760	55.010
they	55.010	55.340
only	55.390	55.530
needed	55.530	55.920
someone	55.920	56.420
to	56.420	56.510
show	56.510	56.770
them	56.770	57.030
their	57.030	57.360
first	57.480	57.690
step.	57.690	57.900
In	58.360	58.400
the	58.360	58.480
Nadler	58.480	58.910
and	58.910	59.130
Tushman	59.130	59.620
model,	59.620	59.980
that's	60.120	60.550
the	60.550	60.740
work.	60.830	60.950
What	61.360	61.510
people	61.640	61.990
are	61.990	62.210
actually	62.210	62.790
asked	62.790	62.950
to	63.150	63.290
do.	63.290	63.410
Look	63.910	64.080
there	64.190	64.320
first.	64.320	64.440
Design	65.270	65.800
the	65.800	65.960
first	66.150	66.530
ask.	66.730	67.040
Like	67.770	67.830
it	67.830	68.050
matters.	68.050	68.600
One	69.180	69.520
task,	69.520	69.830
two	70.350	70.500
at	70.500	70.680
most.	70.760	71.010
Let	71.280	71.420
them	71.910	72.110
finish	72.230	72.420
it,	73.450	73.490
then	73.450	73.570
hand	73.570	73.860
them	73.860	74.150
the	74.150	74.360
next.	74.360	74.600
Before	74.860	74.980
you	75.380	75.500
judge	75.570	75.860
someone's	75.860	76.500
capacity,	76.500	77.080
check	77.280	77.440
the	77.970	78.030
load	78.030	78.190
they	78.410	78.800
may	78.800	78.960
be	78.960	79.340
carrying.	79.340	79.840
You	80.280	80.320
can	80.280	80.460
read	80.460	80.650
more	80.650	80.880
about	80.880	81.170
this	81.170	81.400
on	81.400	81.520
my	81.520	81.620
substack	81.620	82.160
by	82.160	82.280
clicking	82.280	82.750
the	82.770	82.950
link	82.950	83.140
below	83.220	83.520
or	83.520	83.640
in	83.760	84.000
my	84.000	84.240
bio.	84.240	84.610
