Don't	0.200	0.460
say	0.460	0.740
"I	0.740	0.920
didn't	0.920	1.040
warn	1.470	1.840
you."	1.840	2.070
Here	2.560	2.860
are	2.970	3.190
three	3.320	3.540
things	3.720	4.300
to	4.300	4.480
avoid	4.480	4.640
before	5.120	5.360
you	5.360	5.560
hand	5.560	6.000
your	6.000	6.150
expertise	6.200	6.970
to	7.260	7.410
an	7.410	7.560
AI	7.630	8.020
app.	8.020	8.320
1.	8.720	9.040
Don't	9.680	10.060
treat	10.060	10.450
your	10.480	10.690
book	10.790	11.070
as	11.070	11.220
your	11.220	11.340
method.	11.550	11.670
A	12.090	12.130
book	12.120	12.470
holds	12.470	12.910
what	12.910	13.260
you	13.260	13.520
could	13.520	13.760
explain.	13.960	14.300
Your	14.860	15.190
sessions	15.190	15.580
hold	15.850	16.210
what	16.240	16.510
you	16.510	16.760
do.	16.760	16.880
2.	17.260	17.690
Don't	18.200	18.750
judge	18.750	19.280
the	19.360	19.600
app	20.200	20.240
by	20.200	20.240
how	20.200	20.520
confident	20.520	20.640
it	21.600	21.770
sounds.	21.770	22.390
A	22.890	22.930
confident	22.930	23.660
answer	23.760	24.290
in	24.350	24.490
a	24.490	24.570
voice	24.570	25.040
that	25.040	25.160
isn't	25.410	25.860
yours	25.860	26.020
can	26.470	26.520
do	26.520	26.640
more	26.640	26.990
damage	26.990	27.520
than	27.520	27.870
a	27.870	28.120
slow	28.140	28.320
answer	28.320	28.740
that	28.740	29.030
is,	29.030	29.170
"Test	29.310	29.480
it	29.810	29.850
with	29.810	30.120
the	30.120	30.310
questions	30.330	30.450
where	30.980	31.350
your	31.350	31.720
method	31.720	32.130
says	32.500	32.730
'wait.'"	32.730	32.900
3.	33.820	33.980
Don't	34.670	34.930
launch	34.930	35.480
without	35.480	35.620
a	36.120	36.210
reader.	36.210	36.620
Decide	37.080	37.620
who	37.620	37.890
reads	37.890	38.270
the	38.350	38.620
answers	38.620	38.970
each	39.270	39.550
week,	39.630	39.750
by	40.250	40.590
name,	40.590	41.070
and	41.640	41.880
what	41.880	42.000
the	42.270	42.440
app	42.440	42.680
should	42.680	43.150
decline	43.150	43.700
to	43.700	43.860
answer.	43.870	43.990
Many	44.600	45.000
details	45.000	45.540
can	45.540	45.890
be	45.890	45.970
improved	45.970	46.420
after	46.660	46.870
launch.	47.600	47.720
These	47.900	48.310
three	48.310	48.720
are	48.720	48.930
much	48.960	49.100
easier	49.280	49.770
to	49.770	49.960
settle	49.970	50.360
before	50.440	50.720
it.	51.280	51.360
Which	51.360	52.070
one	52.070	52.540
are	52.540	52.810
you	52.910	53.330
most	53.330	53.570
likely	55.750	55.790
to	55.750	55.870
skip?	55.880	56.000
for	56.080	56.250
more	56.350	56.610
ideas	56.610	56.980
for	56.990	57.220
getting	57.220	57.340
your	57.750	58.080
expertise	58.080	58.880
ready	58.880	59.000
for	59.320	59.530
an	59.530	59.670
AI	59.750	59.810
app.	59.810	60.020
