Before	0.150	0.590
you	0.590	0.870
trust	0.870	1.340
a	1.460	1.520
green	1.520	2.000
status,	2.010	2.510
ask	3.060	3.400
three	3.740	4.140
questions.	4.330	4.990
One,	5.520	5.800
who	6.410	6.580
wrote	6.580	6.900
it?	6.900	7.040
And	7.560	7.660
what	7.660	7.960
did	8.080	8.170
they	8.170	8.380
think	8.480	8.820
would	8.820	9.100
happen	9.180	9.410
if	9.760	9.900
it	9.900	10.020
said	10.040	10.450
red?	10.450	10.740
Two,	11.210	11.420
what	12.020	12.110
did	12.110	12.310
this	12.450	12.910
status	12.910	13.520
replace?	13.690	13.840
If	14.930	15.000
last	15.000	15.400
month's	15.400	16.010
yellow	16.110	16.600
became	16.750	17.330
this	17.330	17.730
month's	17.730	17.890
green,	18.440	18.610
ask	19.130	19.270
what	19.270	19.640
changed	19.640	19.760
in	20.290	20.440
between	20.520	21.120
besides	21.120	21.350
the	21.800	22.040
wording?	22.040	22.690
Three,	23.150	23.360
where's	23.940	24.000
the	24.000	24.240
list	24.290	24.490
the	24.490	24.650
team	24.770	24.980
keeps	24.980	25.330
for	25.330	25.550
itself?	25.550	25.930
Many	26.350	26.760
teams	26.760	27.270
keep	27.280	27.740
one	27.740	28.050
in	28.530	28.660
a	28.660	28.740
spreadsheet,	28.740	29.450
a	29.880	29.980
notebook,	29.980	30.500
or	30.950	31.080
a	31.080	31.150
private	31.150	31.600
chat.	31.600	31.950
That	32.440	32.610
list	32.610	32.900
is	32.900	33.040
usually	33.040	33.610
closer	33.630	33.970
to	33.970	34.090
the	34.110	34.320
work	34.320	34.560
than	34.720	34.990
the	34.990	35.160
report	35.290	35.620
is.	35.620	35.900
Then	36.330	36.640
do	36.640	36.880
one	36.880	37.140
more	37.140	37.450
thing,	37.560	37.830
make	38.330	38.690
red	38.780	39.050
cheap.	39.050	39.550
One	40.090	40.300
line,	40.300	40.700
no	40.900	41.020
meeting,	41.260	41.810
no	42.010	42.130
explanation	42.350	43.320
required.	43.500	44.050
Let	44.580	44.850
red	44.960	45.240
mean	45.240	45.720
we	46.030	46.150
need	46.150	46.500
help	46.500	47.020
and	47.500	47.620
not	47.620	47.850
someone	47.850	48.070
failed.	48.490	49.450
When	49.900	50.170
red	50.170	50.440
is	50.440	50.620
safe	50.620	50.810
to	50.990	51.170
write,	51.170	51.370
the	51.970	52.050
report	52.050	52.170
gets	52.520	52.780
a	52.790	52.830
little	52.790	53.160
messier	53.160	53.820
and	54.190	54.300
a	54.300	54.380
lot	54.380	54.640
more	54.700	54.990
useful.	54.990	55.230
Which	55.910	56.150
of	56.150	56.300
those	56.300	56.620
three	56.700	56.950
questions	57.000	57.600
would	57.620	57.800
you	57.800	57.950
ask	57.950	58.120
first?	58.300	58.720
Follow	60.930	61.300
and	61.300	61.420
subscribe	61.420	61.850
for	61.850	61.970
more	61.970	62.230
concepts	62.380	62.800
that	62.900	63.050
help	63.050	63.250
you	63.250	63.400
read	63.400	63.600
what	63.600	63.800
a	63.800	63.900
status	63.900	64.280
report	64.280	64.700
leaves	64.700	65.000
out.	65.000	65.270
