You	0.160	0.360
rolled	0.360	0.930
out	1.070	1.430
a	1.430	1.550
new	1.550	1.910
AI	1.950	2.150
tool,	2.150	2.300
but	2.780	2.820
is	2.84	2.990
it	2.990	3.180
useful	3.180	3.490
to	3.740	3.860
the	4.000	4.080
people	4.080	4.340
who	5.100	5.200
have	5.200	5.360
to	5.360	5.480
use	5.520	5.840
it?	5.840	5.970
And	6.470	6.640
is	6.640	6.850
it	6.850	6.970
easy	7.340	7.490
to	7.490	7.610
use	7.700	8.020
on	8.020	8.230
a	8.230	8.330
busy	8.330	8.520
Tuesday?	8.760	9.520
In	10.050	10.090
1989,	10.10	10.950
Fred	11.080	11.340
Davis	11.440	11.750
proposed	11.750	12.050
that	12.340	12.610
people	12.680	12.800
accept	13.120	13.490
a	13.620	13.660
new	13.620	13.840
technology	13.840	14.700
mostly	15.020	15.440
because	15.440	15.840
of	15.840	16.000
two	16.000	16.300
judgments,	16.300	16.770
whether	17.390	17.730
it's	17.750	18.060
useful	18.120	18.290
for	18.510	18.740
their	18.740	18.890
work	19.460	19.500
and	19.52	19.670
whether	19.670	20.030
it's	20.210	20.510
easy	20.510	20.820
to	20.820	20.950
use.	20.970	21.200
Those	21.670	21.860
are	21.860	22.050
judgments	22.050	22.680
made	22.680	22.950
by	22.950	23.070
the	23.090	23.280
person	23.280	23.690
using	23.690	24.010
the	24.050	24.230
tool,	24.230	24.350
so	24.800	24.860
a	24.860	24.900
vendor's	24.860	25.350
demo	25.350	25.600
can't	25.600	25.900
settle	25.900	26.020
them.	26.320	26.520
If	26.890	26.930
usefulness	26.890	27.740
is	27.750	27.850
low,	27.850	28.090
the	28.250	28.410
tool	28.91	28.950
may	28.97	29.120
solve	29.120	29.450
a	29.450	29.530
problem	29.530	30.060
the	30.110	30.330
person	30.330	30.810
doesn't	30.810	31.370
have.	31.370	31.660
If	32.140	32.180
ease	32.170	32.290
is	32.520	32.690
low,	32.690	32.950
it	33.120	33.240
may	33.590	33.630
add	33.65	33.810
steps	33.810	34.190
to	34.220	34.420
a	34.420	34.500
job	34.500	34.760
that	34.760	35.110
was	35.110	35.370
already	35.390	35.560
full.	35.990	36.110
You	36.800	37.070
can	37.070	37.280
find	37.280	37.650
out	37.650	37.940
which	37.940	38.420
one	38.420	38.540
it	38.750	38.890
is	38.890	39.070
with	39.070	39.380
two	39.560	39.740
questions.	39.740	40.480
Ask	41.080	41.230
a	41.230	41.400
few	41.400	41.520
users	41.590	42.040
what	42.040	42.200
they	42.530	42.690
hoped	42.780	43.170
the	43.250	43.370
tool	43.550	43.840
would	43.840	44.290
do	44.290	44.420
for	44.500	44.740
them,	44.740	44.860
and	45.290	45.470
then	45.470	45.790
ask	45.790	45.960
where	45.960	46.160
they	46.320	46.640
got	46.640	46.900
stuck.	46.900	47.220
Their	47.700	47.980
answers	48.040	48.460
tell	48.460	48.750
you	48.750	48.960
whether	48.960	49.420
to	49.460	49.650
change	49.650	50.030
the	50.030	50.180
tool,	50.280	50.490
the	50.720	50.940
training,	51.460	51.830
or	52.030	52.230
the	52.230	52.350
job	52.870	52.910
around	52.93	53.440
it.	53.440	53.640
Follow	56.470	56.730
and	56.730	56.930
subscribe	56.930	57.540
for	57.540	57.740
more	57.740	58.010
ways	58.010	58.280
to	58.280	58.400
tell	58.430	58.720
whether	58.720	59.370
your	59.420	59.650
tool	59.700	60.060
is	60.060	60.200
useful,	60.280	60.490
easy,	60.970	61.300
or	61.770	61.810
both.	61.770	62.010
