I	0.170	0.210
see	0.170	0.320
you	0.320	0.560
reading	0.560	1.110
the	1.110	1.350
distance	1.350	2.040
from	2.040	2.160
the	2.180	2.320
people	2.320	2.700
who	2.700	2.880
climbed	2.880	3.280
with	3.280	3.560
you	3.690	3.840
as	3.840	3.990
a	3.990	4.080
verdict	4.080	4.580
on	4.860	4.900
the	4.860	5.040
friendship.	5.040	5.160
Before	6.110	6.480
you	6.480	6.760
do	6.760	6.930
that,	6.930	7.150
ask	7.640	7.730
what	7.730	7.910
the	8.010	8.220
two	8.220	8.430
of	8.430	8.570
you	8.570	8.780
agreed	8.780	9.200
on	9.200	9.340
back	9.340	9.620
when	9.620	9.740
you	9.900	10.080
started.	10.080	10.500
When	11.020	11.380
you	11.380	11.760
and	12.040	12.140
a	12.140	12.270
friend,	12.430	12.870
a	13.390	13.430
co-worker,	13.390	14.280
or	14.770	14.810
a	14.780	14.830
business	14.830	15.280
partner	15.280	15.670
begin	15.670	15.950
at	15.950	16.060
the	16.060	16.220
same	16.220	16.480
level,	16.480	16.800
you	16.800	17.020
make	17.020	17.140
an	17.510	17.550
agreement	17.520	18.190
without	18.190	18.730
saying	18.730	19.190
it	19.190	19.340
out	19.340	19.550
loud.	19.560	19.860
You	20.320	20.440
cheer	20.440	20.910
for	20.910	21.190
me,	21.190	21.310
I	21.790	21.830
cheer	21.790	22.230
for	22.280	22.510
you,	22.510	22.720
and	23.240	23.310
we	23.310	23.490
hear	23.490	23.850
each	23.990	24.210
other's	24.210	24.330
news	24.820	25.090
first.	25.200	25.610
Denise	26.140	26.400
Rousseau	26.400	27.090
called	27.090	27.530
this	27.590	27.830
a	27.840	27.920
psychological	27.920	28.960
contract	28.970	29.110
in	29.620	29.780
1989,	29.780	30.470
and	31.010	31.060
she	31.060	31.320
described	31.320	32.110
it	32.110	32.280
as	32.610	32.650
the	32.610	32.880
set	32.880	32.990
of	32.990	33.140
beliefs	33.140	33.690
each	33.800	34.040
person	34.170	34.400
holds	34.400	34.960
about	34.960	35.080
what	35.270	35.520
they	35.520	35.640
owe	35.770	35.950
the	35.950	36.160
other.	36.160	36.540
Each	37.070	37.180
person	37.180	37.640
keeps	37.640	37.980
a	37.980	38.090
private	38.090	38.600
copy.	38.620	38.800
